Vorwort,MISC
französischen,MISC
Stauffenburg,LOC
französischen,MISC
Problemkontext,LOC
Autors,PER
Henning Krauß,PER
französische,MISC
Dietmar Rieger,PER
Gießen,ORG
Jean-Jacques Rousseau,PER
la Voltaire,PER
siècle,MISC
siècle éclairé,ORG
Académie de Dijon,ORG
sciences et des arts a contribué à épurer les mœurs,ORG
Wissenschaftsgläubigkeit,MISC
Rousseau,PER
Discours,PER
citoyen de Genève,LOC
Rousseau,PER
Rousseau,PER
metaphernreich,PER
merveille,PER
Kant,PER
Was,PER
Rousseau,PER
Turgot,PER
Melchior Grimm,PER
Rousseau,PER
Perfektibilität,PER
Korruptibilität,ORG
Grimmsche,MISC
Rousseaus,PER
Condorcet,PER
Condorcet des Primitiven,PER
katholischen Kirche,ORG
Louis XIV,PER
Toleranzedikts von Nantes,PER
Frankreich,LOC
Hugenotten,MISC
Frankreich,LOC
Pierre Bayle,PER
Encyclopédie,MISC
Voltaires,PER
Fontenelle,PER
Académie des sciences,ORG
Zeit des Übergangs,MISC
Romantik,MISC
Ludwig XIV,PER
soziale,MISC
Frankreichs,LOC
Sonnenkönigs,PER
Ludwigs,PER
Zeit der Régence,MISC
Frankreich,LOC
Orléans,LOC
Thronfolgers,PER
Königs Ludwig XV,PER
Fleury,PER
Versailles,LOC
Paris,LOC
Ludwig XV.(bis,PER
Ludwig,PER
noblesse d’épée,MISC
noblesse de robe,ORG
Parlamente,ORG
Französische Revolution,MISC
Französische Revolution,MISC
Régence,LOC
D’Alembert,PER
Encyclopédie,MISC
sur les éléments de philosophie,MISC
Scharnierstelle,MISC
Stolz,PER
D’Alembert,PER
D’Alembert,PER
Rousseaus,PER
Discours;Vor,ORG
Alembert,PER
Prospectus,PER
Encyclopédie,MISC
D’Alemberts,MISC
Discours préliminaire,PER
Pariser,LOC
Le Breton,PER
Jahrhundertwerks,PER
D’Alemberts,PER
Enzyklopädie,MISC
Aufklärungsgegner,MISC
D’Alembert,PER
Académie française,ORG
D’Argenson,LOC
Malesherbes,LOC
Revokation,LOC
römischen Kurie,ORG
Jesuiten,ORG
Diderot,PER
Louis de Jaucourt,PER
Encyclopédie,MISC
philosophes,MISC
Jesuitenordens,ORG
Frankreich,LOC
Voltaires,PER
Jean Calas,PER
Kampf im Jahr 1771.Im Jahr 1767,MISC
Helvétius’ sensualistischer,PER
De l'Esprit,MISC
Marmontels,PER
Roman Bélisaire,PER
Académie française,ORG
katholischen Kirche und Religion,ORG
Sorbonne,LOC
Ludwig XV,PER
esprit du siècle,MISC
Marmontel,PER
Souverain modéré,PER
Französische Revolution,MISC
Französischen Revolution,MISC
Robespierres,PER
sozialen,MISC
bürgerlich-revolutionäre,MISC
Propaganda,ORG
Aktion,ORG
Daß,MISC
Französischen Revolution,MISC
Jahr 1799,MISC
Jahres XI,MISC
Napoleon,PER
Napoleon,PER
Idéologues,PER
Aufklärungserben,LOC
Napoleon,PER
Revolution,MISC
französischen,MISC
Revolution,MISC
Wende,MISC
Ludwigs XIV,PER
Mme Pompadour,PER
Mme Dubarry,PER
Versailles,LOC
Paris,LOC
Ludwigs XIV,PER
schottischen,MISC
Law,ORG
Ludwigs XIV,PER
Eroberungskriege,MISC
honnêteté”-Ideal,PER
französische,MISC
Louis Carrogis Carmontelle,PER
Voltaire,PER
Dramenbiographie von Legouvé,PER
Scribe,MISC
Adrienne Lecouvreur,PER
Marquise de Tencin,PER
Enzyklopädisten D’Alembert,PER
Maine,LOC
Ausland;die,MISC
Encyclopédie,MISC
Mme Geoffrin,PER
Ruin rettetZur,ORG
Mlle de Lespinasse,PER
Mme d’Holbach,MISC
Männer-)Clubs,MISC
englischem,MISC
Pariser,LOC
Zeit,LOC
Café Procope,LOC
Bayles,LOC
Holland,LOC
Prevosts,PER
Le Pour et le Contre,MISC
katholischen,MISC
Mercure de France,ORG
Journal de Paris,MISC
Académie française,ORG
Perraults,PER
Poème sur le siècle de Louis le Grand,MISC
Voltaires,PER
Auseinandersetzungen.1791,PER
Chamfort,PER
Constituante,MISC
Institut de France,ORG
Paris,LOC
Provinz,LOC
Bordeaux,LOC
La Rochelle,LOC
Dijon,LOC
Besançon,LOC
Marseille,LOC
Rousseauschen Discours,LOC
Dijon
,ORG
Distribution,ORG
Mäzenatentum,MISC
Analphabetentums,LOC
Diderot,PER
Rétif de la Bretonne,PER
Beaumarchais,PER
République des lettres,ORG
Rétif de la Bretonne,MISC
Rousseau du ruisseau,PER
Melchior Grimm,PER
Rétif,MISC
Auxerre,LOC
Paris,LOC
Zensur,PER
Druckerlaubnis,PER
Privilège du roi”,LOC
Voltaires,PER
Englands,LOC
französischen,MISC
Nationalversammlung,ORG
Revolution,MISC
Marie-Joseph
Chénier,PER
Charles IX ou l’École des Rois,MISC
De la liberté du théâtre en France,MISC
Mais tout est arbitraire,MISC
Napoleon,PER
Ludwigs XIV,PER
Jansenisten,PER
Voltaire,PER
Herzog von Orléans,PER
Provinz sühnen,LOC
Chevalier de Rohan,PER
England,LOC
Régence,MISC
Fontenelle,PER
Bayle,PER
Curé Meslier,PER
Diderot,PER
La Mettrie,PER
Deisten wie Voltaire,PER
Rousseau,PER
Montesquieus Esprit,PER
lois,PER
Jesuiten,ORG
Voltaire,PER
Rousseau,PER
Diderot,PER
D’Holbach,PER
manuscrits clandestins,ORG
christlichen,MISC
Bibel,MISC
Newtons,PER
englischen,MISC
Descartes,PER
Gottes,PER
Kirche,ORG
Curé Jean Meslier,PER
Sohn,PER
Schloßherrn,PER
Bibelkritik,PER
sozialen,MISC
Christentum,MISC
Meslier,LOC
sozialer,MISC
Meslier,PER
soziale,MISC
Voltaire,PER
England,LOC
Freimaurerei,ORG
Französischen Revolution,MISC
Franc-maçonnerie,MISC
Freimaurer,ORG
Frankreich,LOC
Großen Revolution,MISC
Voltaire,PER
französischen,MISC
Kulturhegemonie,LOC
Europas,LOC
Staat,LOC
absolutistischen Staat,LOC
Voltaires,PER
sozialen,MISC
Vor-Verurteilungen,MISC
siècle philosophique,MISC
rapports nécessaires qui dérivent de la nature des choses,MISC
Voltaire,PER
sur les mœurs,MISC
christlich-teleologisch,MISC
Voltaire,PER
Helvétius,PER
De l’Esprit,MISC
bon sauvage,MISC
Voltaires,PER
Derselbe Voltaire,PER
Lessings Nathan,PER
Zaïre,PER
Voltaire,PER
Mahomet,MISC
Le fanatisme de Mahomet le prophète,MISC
tolérance,MISC
intolérance théologique,PER
Rousseau,PER
Robespierre,PER
Entchristianisierungs-,MISC
Être suprême”-Kults,MISC
Rousseaus,PER
Revolution,MISC
Voltaire,PER
Écrasez,PER
Illuminismen,PER
Martinès de Pasqually,PER
Saint-Martin,PER
Des Erreurs et de la vérité,MISC
Holbachs Système de la nature,MISC
Chateaubriand,PER
christlichen,MISC
Le Déisme réfuté par lui-même,MISC
Nicolas-Sylvestre Bergier,PER
Encyclopédie,MISC
Toleranzidee,LOC
Holbachs,PER
Holbach,PER
Rousseau,PER
André Lamourette,PER
Lyon,LOC
Rousseaus,PER
Christentum,MISC
Lamennais,LOC
Christentum,MISC
Fouquier-Tinville,MISC
Revolutionstribunals,MISC
Prônes civiques ou le pasteur patriote,ORG
Lamourette,PER
Morelly,PER
Privateigentums,MISC
kommunistische,MISC
Gracchus,PER
Babeuf
,PER
kommunistische,MISC
Babeuf,PER
ein:1797,MISC
Vincent de Goumay,PER
Marquis de Mirabeau,PER
François Quesnay,PER
laisser faire,PER
bonté,PER
Reich der Freiheit von allen Reglementierungen,MISC
Gemeinnutz,MISC
Physiokraten,ORG
Ersten Republik,ORG
Revolution,MISC
Marat,MISC
Égaux,LOC
republikanischen,MISC
Napoleon Bonaparte,PER
Plebiszit,PER
Revolution,MISC
Französischen Revolution,MISC
Voltaire,PER
Lesepublikums,LOC
sozialen,MISC
Lesekabinetten,LOC
Leihbibliotheken,LOC
Voltaires,PER
Rousseaus,PER
Héloïse,PER
Encyclopédie,MISC
Taschenbuchmarkt,MISC
plaire,MISC
instruire,MISC
sozialen,MISC
Bewußtseinsveränderungen,PER
Französischen Revolution,MISC
Montesquieus,PER
Rousseaus,PER
republikanischen,MISC
Revolution,MISC
Revolution,MISC
Volk von,MISC
französische,MISC
Werner Krauss,PER
Jahrhundertbeginn,MISC
Revolution,MISC
monarchischen Staat,LOC
Volk,PER
bürgerliche Revolution,MISC
Revolution,MISC
Turgot,PER
Republik,LOC
Curé Meslier,PER
Zeit,MISC
Abbé de Mably,PER
Brissot de Warville,PER
Rousseau,PER
Saint-Évremond,PER
Sur les poèmes,MISC
doctrine classique,MISC
Klassizisten,MISC
Voltaire,PER
arbiträr,PER
République des lettres,ORG
Literaturproduzenten,MISC
Abbé Batteux,LOC
Les Beaux-Arts réduits à un même principe,LOC
originalité,PER
imagination”.Deutlich,MISC
Diderot,PER
Encyclopédie,MISC
sacre de l’écrivain,MISC
Paul Bénichou,PER
Abbé Dubos,PER
génie”-Begriff,ORG
critiques
,MISC
Louis-Sébastien Mercier,PER
Voltaire,PER
Friedrichs II. von Preußen,PER
Babouc,PER
Voltaires,PER
conte philosophique,PER
Le monde comme il va,MISC
Vision de Babouc,MISC
Ituriel,MISC
Babouc,PER
Vernunftdenkens,LOC
Boucher,PER
Fragonard,PER
englischen,MISC
sensibilité,PER
englischen,MISC
Entretiens avec Dorval,MISC
Marquis de Sade,MISC
französischen,MISC
Französischen Revolution,MISC
Französischen Revolution,MISC
europäische,MISC
Mme de Staël,PER
Europa,LOC
Europa,LOC
Frankreich,LOC
Europa,LOC
England,LOC
englischen,MISC
Richardson,PER
englische,MISC
französischen Sprache,MISC
Rivarol,MISC
Französischen Revolution,MISC
Berliner Akademie,ORG
Discours sur l'universalité de la langue française:“Der,MISC
französischen,MISC
Europa,LOC
Voltaire,PER
Berlin,LOC
Diderot,PER
St. Petersburg,LOC
Paris,LOC
Europa,LOC
Melchior Grimms,PER
philosophique et critique,MISC
Jakob Heinrich Meister,PER
Herzog von Sachsen-Gotha,LOC
europäische,MISC
Mémoires secrets pour servir à l’histoire de la République,ORG
lettres en France von Petit de Bachaumont,ORG
französische,MISC
Voltaire,PER
Europa,LOC
Holland,LOC
England,LOC
Voltaires,PER
englischen,MISC
Locke,PER
Shaftesbury,PER
Newton,PER
Louis XIV,PER
royalistischen,MISC
Siebenjährigen Krieg
,MISC
Frankreichs,LOC
Europa,LOC
Le siège de Calais,LOC
Französischen Revolution,MISC
europäischen Nationen,ORG
Napoleons,PER
Frankreich,LOC
République des lettres,ORG
Frankreich,LOC
Europa,LOC
Chabanon,LOC
Sur le sort de la poésie en ce siècle philosophique,LOC
André Chénier,PER
Voltaire,PER
contes philosophiques,PER
Jansenisten,MISC
Louis Racine,PER
Narrativik,LOC
roman philosophique,PER
Montesquieus Lettres persanes,PER
Narrativik,PER
Frankreich,LOC
Königtum-Kirche,LOC
Übersee,LOC
Utopia,LOC
Diderot,PER
Montesquieu,PER
Histoire des Troglodytes,MISC
Lettres persanes,MISC
XI-XIV,PER
Voltaire,PER
Eldorado,PER
XVII-XVIII,MISC
Marquis de Sade,PER
Aline et Valcour,MISC
utopie-projet,MISC
Morellys Code de la Nature,MISC
la raison veut,MISC
la loi ordonne,MISC
Mercier,PER
L’,PER
Zeit,MISC
Merciers,LOC
Reiseutopie,MISC
Antizipationsromans,MISC
Königliche Bibliothek,LOC
XXVIII,MISC
Bibliothèque du roi,LOC
Merciers,PER
Individualität,PER
Narrativik,PER
soziale,MISC
Lesepublikums,LOC
Vorwörtern,LOC
Pierre-Daniel Huets,PER
Symptomatisch,PER
Crébillon,PER
Roman,PER
Mme de Lafayette,PER
Briefroman,MISC
Höhepunkt:1736,MISC
Jesuit Charles Porée,ORG
Voltaires,PER
Diderots,PER
Daguesseau,PER
Immoralismus-prozesses,MISC
cabinets de lecture,MISC
Sammelausgaben,LOC
Kolportageausgaben,LOC
soziale,MISC
soziale,MISC
roturier”.Dies,ORG
Briefroman,MISC
Memoirenroman,MISC
Theaters,LOC
Marquis de Sade,LOC
Idée sur les romans wiederaufgegriffene Romandefinition,LOC
Chevalier de Jaucourt,MISC
Encyclopédie,MISC
Huet,PER
Encyclopédie-Mitaibeiter Jaucourt,PER
choses utiles,PER
englischen,MISC
Mercure de France,LOC
Louis-Sébastien Mercier,PER
Gesellschaft auf allen sozialen und psychologischen Ebenen,ORG
sozialen,MISC
Gil Blas de Santillane,PER
Marivaux,LOC
Le Paysan parvenu,LOC
Marivaux’ La vie de Marianne,LOC
Vie de Marianne,LOC
Prevosts Véritable,LOC
Mémoires d’un homme de qualité,MISC
Montesquieus Lettres persanes,LOC
une espèce de roman,MISC
Fremden,MISC
Zeit,MISC
galant-erotische,MISC
Roman,PER
contes,PER
Briefromane,PER
Diderots,PER
bijou,PER
Crébillonschen Romans,LOC
Rousseaus,PER
Julie ou La Nouvelle Héloïse,MISC
roman philosophique,PER
Rousseau,PER
Richardson,PER
Bernardin de Saint-Pierres Paul et Virginie,PER
Sendungsbewußtsein,PER
Rousseauist,PER
Rousseau du ruisseau,PER
Melchior Grimm,PER
Nicolas,PER
Le paysan perverti ou les dangers de la ville,MISC
Anti- Justine,MISC
Rétif,MISC
Sades Justine,PER
Rousseauist,PER
Choderlos de Laclos,PER
Rétifs Paysan,PER
aus;die Entlarvung der moralischen Entartung,MISC
bonne,MISC
Konstanz,LOC
Briefroman,MISC
roman personnel,MISC
Xavier de Maistres,PER
Voyage autour de ma chambre,MISC
Romantheorie der Zeit,MISC
Romanneuproduktionen,MISC
Louvet de Couvrays Les amours du chevalier de Faublas,PER
Mercure de France,LOC
Romanproduktion,LOC
sensibilité,PER
Zeit,MISC
Zeit,MISC
Louvet de Couvrays,PER
Louvet,PER
Les amours du chevalier de Faublas,MISC
sozialen,MISC
Revolution,MISC
Romanesken,LOC
Thermidor,PER
Balzacs,PER
Briefroman L'Émigré,PER
Sénac de Meilhan,PER
romans,PER
französischen,MISC
englischen,MISC
roman terrifiant,PER
Marquis de Sade,MISC
Ideologem,LOC
Sades,PER
roman noir,PER
gothic novel,PER
Marquis de Sade,PER
Sades,PER
roman noir,PER
Divin Marquis,PER
Justine ou les malheurs de la vertu,PER
Sade,PER
{La nouvelle Justine ou les malheurs de la vertu,MISC
Histoire de Juliette ou les prospérités du vice,MISC
Justine,MISC
Juliette,MISC
Nouvelle Justine,PER
Sade,PER
Schauerromans,PER
Sades,PER
roman
philosophique,MISC
christlichen,MISC
Marquis de Sade,PER
roman personnel,MISC
romantisme Empire,ORG
französische,MISC
Frank Baasner,PER
Heidelberg,LOC
Arno Baruzzi,PER
Frankreich,LOC
La Mettrie,PER
Helvétius,PER
Diderot,PER
Sade,PER
München,LOC
Cerstin Bauer-Funke,PER
französische,MISC
Stuttgart,LOC
LeipzigChristian Bergmann,PER
Frankfurt,LOC
Peter Bürger,PER
französischen,MISC
Frankfurt,LOC
M. 1972Emst,PER
Cassirer,PER
Tübingen,ORG
Herbert Dieckmann,PER
europäischen,MISC
München,ORG
Paul Geyer,PER
Descartes,PER
Rousseau,PER
Tübingen,PER
Hans Ulrich Gumbrecht,PER
Frankreich,LOC
München,LOC
Wien,LOC
Erich Köhler,PER
II.,PER
französischen,MISC
Dietmar Rieger,PER
Stuttgart,LOC
Henning Krauß,PER
Französischen Revolution,MISC
Stuttgart,LOC
Werner Krauss,PER
Das wissenschaftliche Werk,MISC
Frankreich,LOC
Berlin,LOC
Weimar,LOC
Hans Sanders,PER
Das Subjekt der Moderne,MISC
Tübingen,LOC
Fritz Schalk,PER
französischen,MISC
AufklärungFrankfurt,MISC
Jürgen von Stackeiberg,PER
München,LOC
Rudolf Behrens,PER
französische,MISC
Tübingen,LOC
Klaus Dirscherl,PER
Der Roman der Philosophen,MISC
Diderot,PER
Rousseau,PER
Voltaire,PER
Tübingen,LOC
Roland Galle,PER
französischen,MISC
München,LOC
Rolf Geißler,PER
Frankreich,LOC
Berlin,LOC
Wolfgang Matzat,PER
sischen,MISC
Rousseau,PER
Balzac,PER
Tübingen,LOC
Hans Rudolf Picard,PER
Die Illusion der Wirklichkeit,MISC
Heidelberg,ORG
Jürgen Siess,PER
Männerschrift,PER
Textrelationen,PER
Diderot,PER
Restif,PER
Lespinasse,PER
Paderborn,LOC
Jürgen von Stackeiberg,PER
französischen,MISC
München,LOC
